id,first_name,last_name,email,country,salary,department,hire_date
1,Opaline,Gudeman,ogudeman0@bbc.co.uk,Venezuela,76290,HR,2025-10-16
2,Ulrike,Feore,ufeore1@netscape.com,Russia,37223,Sales,2025-09-16
3,Carlie,Gilbanks,cgilbanks2@youtube.com,Portugal,94613,Finance,2026-04-24
4,Warden,Simeoli,wsimeoli3@ucoz.ru,South Korea,35888,Operations,2026-03-24
5,Yvor,Garett,ygarett4@ask.com,Indonesia,117328,Operations,2025-12-31
6,Arleyne,Yanne,ayanne5@mapquest.com,Albania,53530,Operations,2025-05-06
7,Halley,Wornum,hwornum6@vinaora.com,Philippines,110725,Sales,2025-08-28
8,Otho,Woodhouse,owoodhouse7@cbslocal.com,Portugal,82688,Finance,2026-02-06
9,Julian,Gerhardt,jgerhardt8@fotki.com,Thailand,108627,Operations,2025-09-07
10,Leupold,Parlett,lparlett9@indiatimes.com,Poland,69196,IT,2025-08-24
11,Madelin,Di Matteo,mdimatteoa@ifeng.com,Thailand,97529,Finance,2025-06-23
12,Piggy,Howlin,phowlinb@scribd.com,Argentina,84981,HR,2025-11-07
13,Sallyanne,Braniff,sbraniffc@businesswire.com,Philippines,105292,Finance,2025-10-21
14,Heindrick,Halden,hhaldend@wordpress.org,Thailand,75740,Finance,2026-01-13
15,Tuck,Vaadeland,tvaadelande@booking.com,Russia,82817,IT,2025-05-04
16,Dalis,Hurt,dhurtf@bizjournals.com,Italy,52074,Finance,2026-04-16
17,Jaimie,Boyan,jboyang@nsw.gov.au,United States,50208,HR,2026-02-19
18,Roxi,Shortell,rshortellh@wix.com,Spain,74185,IT,2026-01-23
19,Terrijo,Lillford,tlillfordi@ifeng.com,China,47596,Sales,2025-06-01
20,Glynis,Wisker,gwiskerj@google.ru,Brazil,57542,Sales,2025-08-17
21,Kathryn,Semper,ksemperk@bloglines.com,South Africa,87987,Finance,2025-06-15
22,Emmet,Sivewright,esivewrightl@trellian.com,Germany,97008,Operations,2025-10-08
23,Lincoln,Kornyshev,lkornyshevm@wix.com,China,77095,Finance,2026-01-09
24,Leonardo,Jentet,ljentetn@uol.com.br,Indonesia,35373,IT,2025-12-06
25,Marabel,Canacott,mcanacotto@businesswire.com,China,75172,Sales,2025-05-20
26,Lorri,Versey,lverseyp@bbc.co.uk,Greece,81926,HR,2025-09-17
27,Luella,Stronough,lstronoughq@dell.com,Brazil,50751,Finance,2025-10-18
28,Mab,Bembridge,mbembridger@house.gov,United States,118623,Sales,2026-01-10
29,Delia,Grzeszczyk,dgrzeszczyks@so-net.ne.jp,Greece,38746,Sales,2026-02-06
30,Ernesto,Donan,edonant@sitemeter.com,France,48491,Finance,2026-02-04
31,Archibold,Meneely,ameneelyu@wikimedia.org,China,66027,Sales,2025-12-21
32,Meade,Moral,mmoralv@home.pl,Peru,110511,Sales,2025-09-02
33,Morissa,Massen,mmassenw@addthis.com,United States,112673,Finance,2025-09-05
34,Hayyim,Pawelke,hpawelkex@marketwatch.com,Brazil,88207,Operations,2025-12-07
35,Marleen,Wyant,mwyanty@mediafire.com,Haiti,98643,IT,2025-10-30
36,Phillipp,Kolin,pkolinz@intel.com,Taiwan,103259,IT,2026-01-31
37,Agretha,Pembery,apembery10@ucoz.ru,Russia,116942,Finance,2025-08-21
38,Shannon,Dyter,sdyter11@kickstarter.com,Tunisia,68324,HR,2025-12-06
39,Mariellen,Burleigh,mburleigh12@scientificamerican.com,Russia,56364,Operations,2025-09-04
40,Hillary,Curado,hcurado13@cnbc.com,Madagascar,115275,Operations,2025-08-30
41,Patsy,Abramovic,pabramovic14@flickr.com,China,88715,Operations,2025-08-18
42,Barrie,Choffin,bchoffin15@merriam-webster.com,China,66068,Operations,2026-03-11
43,Reinold,Kilfether,rkilfether16@clickbank.net,Cyprus,97656,Finance,2026-04-12
44,Athena,Lukianov,alukianov17@xinhuanet.com,Palestinian Territory,52556,HR,2026-01-25
45,Mile,Caustic,mcaustic18@intel.com,Philippines,45279,IT,2025-08-15
46,Bobbette,Hullot,bhullot19@sphinn.com,Greece,73274,Finance,2026-04-10
47,Suzette,Pickworth,spickworth1a@washington.edu,Brazil,97096,Operations,2026-04-21
48,Cybil,Ennion,cennion1b@newsvine.com,China,105909,HR,2026-02-25
49,Rani,Vasilic,rvasilic1c@biglobe.ne.jp,Indonesia,56868,HR,2025-12-22
50,Barbabra,Castella,bcastella1d@google.com.hk,Bulgaria,103223,Finance,2025-10-30
51,Amalle,Normavill,anormavill1e@redcross.org,Czech Republic,102353,Operations,2025-11-27
52,Nye,Figge,nfigge1f@issuu.com,Czech Republic,115704,Operations,2025-09-20
53,Jillene,Gillbey,jgillbey1g@phpbb.com,Iraq,51021,IT,2026-04-18
54,Neill,Gowthrop,ngowthrop1h@sun.com,United States,48775,Operations,2026-04-01
55,Obidiah,Comelini,ocomelini1i@360.cn,Indonesia,62442,Operations,2025-08-19
56,Alyce,Foley,afoley1j@reverbnation.com,Indonesia,103270,Operations,2025-09-25
57,Aldridge,Braiden,abraiden1k@omniture.com,Poland,89155,Operations,2025-07-30
58,Malinda,Blaxill,mblaxill1l@howstuffworks.com,Thailand,91448,Sales,2025-06-09
59,Kristoforo,Royans,kroyans1m@seattletimes.com,Yemen,80987,Operations,2025-10-12
60,Annadiane,Yegorov,ayegorov1n@narod.ru,Brazil,57664,Sales,2026-04-20
61,Mic,MacEvilly,mmacevilly1o@topsy.com,Russia,44772,Sales,2025-10-12
62,Angeli,Kennsley,akennsley1p@hhs.gov,Latvia,84944,Operations,2026-03-17
63,Ash,Sign,asign1q@google.com,France,52612,Finance,2026-02-27
64,Emilee,Milward,emilward1r@cisco.com,Portugal,65260,HR,2025-07-30
65,Midge,Dodamead,mdodamead1s@mtv.com,Peru,76513,IT,2026-01-18
66,Carlyle,Kinahan,ckinahan1t@sbwire.com,Albania,64050,IT,2025-12-02
67,Chastity,Hovey,chovey1u@nifty.com,Colombia,37654,Finance,2025-11-15
68,Rodrick,Pietrowicz,rpietrowicz1v@narod.ru,Sweden,85496,Finance,2025-11-10
69,Byram,Reignard,breignard1w@dot.gov,Russia,50010,Finance,2025-10-11
70,Yorker,Gainsboro,ygainsboro1x@icio.us,Indonesia,63056,Finance,2025-07-31
71,Rozella,Greenshiels,rgreenshiels1y@icio.us,Kenya,62460,Sales,2025-05-08
72,Rosalyn,Muncie,rmuncie1z@utexas.edu,China,71500,Operations,2026-03-14
73,Max,Stallon,mstallon20@moonfruit.com,Brazil,64916,Operations,2026-03-30
74,Georgianne,Archdeacon,garchdeacon21@drupal.org,Bulgaria,102692,IT,2025-07-01
75,Joannes,Rawlyns,jrawlyns22@marketwatch.com,Russia,110641,Finance,2025-11-17
76,Richart,Hovenden,rhovenden23@ihg.com,Lithuania,117560,Finance,2025-12-10
77,Irwinn,Dray,idray24@360.cn,South Africa,103268,Sales,2026-02-03
78,Lorene,Ewdale,lewdale25@zimbio.com,South Africa,72973,Operations,2025-05-01
79,Lonnie,Ellams,lellams26@cam.ac.uk,Nigeria,66366,HR,2025-11-08
80,Marget,Wolseley,mwolseley27@xing.com,Dominican Republic,89976,Sales,2025-10-28
81,Bernarr,Kleinplac,bkleinplac28@parallels.com,China,58935,IT,2025-10-15
82,Gerald,Jepp,gjepp29@surveymonkey.com,France,61932,HR,2025-11-25
83,Neville,Klisch,nklisch2a@apple.com,China,68676,IT,2026-01-15
84,Joeann,Deadman,jdeadman2b@photobucket.com,Poland,92483,Sales,2025-07-23
85,Torrin,Thursfield,tthursfield2c@mapquest.com,United States,63550,IT,2025-11-24
86,Elicia,Cornewell,ecornewell2d@symantec.com,Tajikistan,51834,Finance,2026-03-10
87,Herbie,Brigginshaw,hbrigginshaw2e@loc.gov,Brazil,95916,Sales,2025-11-01
88,Rodrick,Gilluley,rgilluley2f@joomla.org,Yemen,111865,HR,2025-12-24
89,Park,Mallord,pmallord2g@arizona.edu,Portugal,76527,IT,2026-04-01
90,Avigdor,Jennery,ajennery2h@goo.gl,Portugal,83120,Finance,2025-12-21
91,Quill,Douris,qdouris2i@ameblo.jp,Guatemala,114348,HR,2025-12-14
92,Everett,Bartolomeo,ebartolomeo2j@wikispaces.com,Mexico,55536,Finance,2025-08-20
93,Mable,Hutcheson,mhutcheson2k@msn.com,Indonesia,57426,Operations,2025-05-15
94,Erastus,Macieiczyk,emacieiczyk2l@shinystat.com,China,70124,Sales,2025-10-19
95,Clevie,Toffolini,ctoffolini2m@noaa.gov,Philippines,62069,Finance,2026-01-31
96,Morganica,Han,mhan2n@zdnet.com,Ukraine,86083,Sales,2026-04-04
97,Nelly,Isley,nisley2o@cargocollective.com,Portugal,104803,Operations,2025-07-19
98,Camila,Frederick,cfrederick2p@eventbrite.com,Bulgaria,83581,HR,2025-09-03
99,Hollie,Moorfield,hmoorfield2q@cam.ac.uk,Gabon,34260,Finance,2026-03-08
100,Dicky,MacAless,dmacaless2r@printfriendly.com,Greece,86138,HR,2025-07-06
